{"children":[{"id":2,"guid":"vhV3AIizAy7z","title":"Bookmarks Menu","index":0,"dateAdded":1428417860539000,"lastModified":1428417860803000,"type":"text/x-moz-place-container","root":"bookmarksMenuFolder","children":[{"id":15,"guid":"dub4s7OpkD0e","title":"Recently Bookmarked","index":0,"dateAdded":1428417860803000,"lastModified":1428417860803000,"annos":[{"name":"Places/SmartBookmark","flags":0,"expires":4,"value":"RecentlyBookmarked"}],"type":"text/x-moz-place","uri":"place:folder=BOOKMARKS_MENU&folder=UNFILED_BOOKMARKS&folder=TOOLBAR&queryType=1&sort=12&maxResults=10&excludeQueries=1"},{"id":16,"guid":"XaeNrBMWmVO5","title":"Recent Tags","index":1,"dateAdded":1428417860803000,"lastModified":1428417860803000,"annos":[{"name":"Places/SmartBookmark","flags":0,"expires":4,"value":"RecentTags"}],"type":"text/x-moz-place","uri":"place:type=6&sort=14&maxResults=10"},{"id":17,"guid":"WiuMYxVOBo69","title":"","index":2,"dateAdded":1428417860803000,"lastModified":1428417860803000,"type":"text/x-moz-place-separator"},{"id":8,"guid":"xf6vo9qIUH6F","title":"Mozilla Firefox","index":3,"dateAdded":1428417860787000,"lastModified":1428417860795000,"type":"text/x-moz-place-container","children":[{"id":9,"guid":"alWJhKayJxsj","title":"Help and Tutorials","index":0,"dateAdded":1428417860787000,"lastModified":1428417860787000,"type":"text/x-moz-place","uri":"http://www.mozilla.com/en-US/firefox/help/","iconuri":"http://www.mozilla.org/2005/made-up-favicon/0-1428417860793"},{"id":10,"guid":"GK-TUaRhVmcO","title":"Customize Firefox","index":1,"dateAdded":1428417860787000,"lastModified":1428417860787000,"type":"text/x-moz-place","uri":"http://www.mozilla.com/en-US/firefox/customize/","iconuri":"http://www.mozilla.org/2005/made-up-favicon/1-1428417860794"},{"id":11,"guid":"aYsZzyHDmeE2","title":"Get Involved","index":2,"dateAdded":1428417860795000,"lastModified":1428417860795000,"type":"text/x-moz-place","uri":"http://www.mozilla.com/en-US/firefox/community/","iconuri":"http://www.mozilla.org/2005/made-up-favicon/2-1428417860795"},{"id":12,"guid":"oUdun7XVCy14","title":"About Us","index":3,"dateAdded":1428417860795000,"lastModified":1428417860795000,"type":"text/x-moz-place","uri":"http://www.mozilla.com/en-US/about/","iconuri":"http://www.mozilla.org/2005/made-up-favicon/3-1428417860796"}]},{"id":13,"guid":"jyjMjm8MrlTf","title":"PortableApps.com","index":4,"dateAdded":1133305361000000,"lastModified":1134124795000000,"type":"text/x-moz-place","uri":"http://portableapps.com/","charset":"UTF-8","iconuri":"http://www.mozilla.org/2005/made-up-favicon/4-1428417860798"}]},{"id":3,"guid":"mcCRdpMs6pOz","title":"Bookmarks Toolbar","index":1,"dateAdded":1428417860539000,"lastModified":1428417860803000,"annos":[{"name":"bookmarkProperties/description","flags":0,"expires":4,"value":"Add bookmarks to this folder to see them displayed on the Bookmarks Toolbar"}],"type":"text/x-moz-place-container","root":"toolbarFolder","children":[{"id":14,"guid":"rJei-dgtQOr9","title":"Most Visited","index":0,"dateAdded":1428417860803000,"lastModified":1428417860803000,"annos":[{"name":"Places/SmartBookmark","flags":0,"expires":4,"value":"MostVisited"}],"type":"text/x-moz-place","uri":"place:sort=8&maxResults=10"},{"id":6,"guid":"luhWz4TLkrS6","title":"Getting Started","index":1,"dateAdded":1428417860787000,"lastModified":1428417860787000,"type":"text/x-moz-place","uri":"http://www.mozilla.com/en-US/firefox/central/"},{"id":7,"guid":"a4gNiOUHPhM1","title":"Latest Headlines","index":2,"dateAdded":1428417860787000,"lastModified":1428417860787000,"annos":[{"name":"placesInternal/READ_ONLY","flags":0,"expires":4,"value":1},{"name":"livemark/feedURI","flags":0,"expires":4,"value":"http://fxfeeds.mozilla.com/en-US/firefox/headlines.xml"},{"name":"livemark/siteURI","flags":0,"expires":4,"value":"http://fxfeeds.mozilla.com/en-US/firefox/livebookmarks/"}],"type":"text/x-moz-place-container"}]},{"id":5,"guid":"L28qyOVd2UL9","title":"Unsorted Bookmarks","index":3,"dateAdded":1428417860539000,"lastModified":1428417860779000,"type":"text/x-moz-place-container","root":"unfiledBookmarksFolder"}]}