[{"uri":"https://developer.mozilla.org/","value":"firebugged.showFirebug"},{"uri":"https://developer.mozilla.org/en-US/Firefox","value":"firebugged.showFirebug"},{"uri":"http://www.bb.com.br/","value":"firebugged.showFirebug"},{"uri":"http://www.bb.com.br/portalbb/home29,116,116,1,1,1,1.bb","value":"firebugged.showFirebug"},{"uri":"about:home","value":"firebugged.showFirebug"},{"uri":"about:blank","value":"firebugged.showFirebug"},{"uri":"https://www.google.com.br/","value":"firebugged.showFirebug"},{"uri":"https://www.google.com.br/?gfe_rd=cr&ei=ow0kVe-AM-qB8QerooHICA&gws_rd=ssl","value":"firebugged.showFirebug"},{"uri":"http://www.7-zip.org/","value":"firebugged.showFirebug"},{"uri":"http://www.7-zip.org/download.html","value":"firebugged.showFirebug"}]