{"schema":5,"addons":[{"id":"firebug@software.joehewitt.com","icons":{"32":"https://addons.cdn.mozilla.net/user-media/addon_icons/1/1843-32.png?modified=1402414382","64":"https://addons.cdn.mozilla.net/user-media/addon_icons/1/1843-64.png?modified=1402414382"},"compatibilityOverrides":[{"type":"incompatible","minVersion":"0","maxVersion":"1.7.3","appID":"{ec8030f7-c20a-464f-9b0e-13a3a9e97384}","appMinVersion":"6.0a1","appMaxVersion":"*"}],"name":"Firebug","type":"extension","version":"2.0.8","repositoryStatus":4,"creator":{"name":"Joe Hewitt","url":"https://addons.mozilla.org/en-US/firefox/user/joe-hewitt/?src=api"},"developers":[{"name":"Jan Odvarko","url":"https://addons.mozilla.org/en-US/firefox/user/jan-odvarko/?src=api"},{"name":"robcee","url":"https://addons.mozilla.org/en-US/firefox/user/robcee/?src=api"},{"name":"Firebug Working Group","url":"https://addons.mozilla.org/en-US/firefox/user/firebugworkinggroup/?src=api"}],"description":"Firebug integrates with Firefox to put a wealth of development tools at your fingertips while you browse. You can edit, debug, and monitor CSS, HTML, and JavaScript live in any web page...","fullDescription":"Follow Firebug news on Twitter\n\nCompatibility table:\n\n    Firefox 3.6 with Firebug 1.7.3\n    Firefox 4.0 with Firebug 1.7.3\n    Firefox 5.0 with Firebug 1.8.2 (and also Firebug 1.7.3)\n    Firefox 6.0 with Firebug 1.8.2 (and also Firebug 1.9)\n    Firefox 7.0 with Firebug 1.8.2 (and also Firebug 1.9)\n    Firefox 8.0 with Firebug 1.8.3 (and also Firebug 1.9)\n    Firefox 9.0 with Firebug 1.8.4 (and also Firebug 1.9)\n    Firefox 10.0 with Firebug 1.9\n    Firefox 11.0 with Firebug 1.9\n    Firefox 12.0 with Firebug 1.9\n    Firefox 13.0 with Firebug 1.10 (and also Firebug 1.9)\n    Firefox 14.0 with Firebug 1.10\n    Firefox 15.0 with Firebug 1.10\n    Firefox 16.0 with Firebug 1.10\n    Firefox 17.0 with Firebug 1.11 (and also Firebug 1.10)\n    Firefox 18.0 with Firebug 1.11\n    Firefox 19.0 with Firebug 1.11\n    Firefox 20.0 with Firebug 1.11\n    Firefox 21.0 with Firebug 1.11\n    Firefox 22.0 with Firebug 1.11\n    Firefox 23.0 with Firebug 1.12 (and also Firebug 1.11)\n    Firefox 24.0 with Firebug 1.12\n    Firefox 25.0 with Firebug 1.12\n    Firefox 26.0 with Firebug 1.12\n    Firefox 27.0 with Firebug 1.12\n    Firefox 28.0 with Firebug 1.12\n    Firefox 29.0 with Firebug 1.12\n    Firefox 30.0 with Firebug 2.0 (and also Firebug 1.12)\n    Firefox 31.0 with Firebug 2.0 (and also Firebug 1.12)\n    Firefox 32.0 with Firebug 2.0 (and also Firebug 1.12)\n\n\nFirebug integrates with Firefox to put a wealth of development tools at your fingertips while you browse. You can edit, debug, and monitor CSS, HTML, and JavaScript live in any web page.\n\nVisit the Firebug website for documentation and screen shots: http://getfirebug.com\nAsk questions on Firebug newsgroup: https://groups.google.com/forum/#!forum/firebug\nReport an issue: http://code.google.com/p/fbug/issues/list\n\nPlease note that bug reports or feature requests in comments on this page won't be tracked. Use the issue tracker or Firebug newsgroup instead thanks!","isPlatformCompatible":true,"eula":null,"screenshots":[{"url":"https://addons.cdn.mozilla.net/user-media/previews/full/52/52710.png?src=api&modified=1295279900","width":"700","height":"330","thumbnailURL":"https://addons.cdn.mozilla.net/user-media/previews/thumbs/52/52710.png?src=api&modified=1295279900","thumbnailWidth":"200","thumbnailHeight":"94","caption":"Command line and its auto-completion."},{"url":"https://addons.cdn.mozilla.net/user-media/previews/full/52/52711.png?src=api&modified=1295279900","width":"700","height":"330","thumbnailURL":"https://addons.cdn.mozilla.net/user-media/previews/thumbs/52/52711.png?src=api&modified=1295279900","thumbnailWidth":"200","thumbnailHeight":"94","caption":"Console panel with an example error logs."},{"url":"https://addons.cdn.mozilla.net/user-media/previews/full/52/52712.png?src=api&modified=1295279900","width":"700","height":"330","thumbnailURL":"https://addons.cdn.mozilla.net/user-media/previews/thumbs/52/52712.png?src=api&modified=1295279900","thumbnailWidth":"200","thumbnailHeight":"94","caption":"CSS panel with inline editor."},{"url":"https://addons.cdn.mozilla.net/user-media/previews/full/52/52713.png?src=api&modified=1295279900","width":"700","height":"330","thumbnailURL":"https://addons.cdn.mozilla.net/user-media/previews/thumbs/52/52713.png?src=api&modified=1295279900","thumbnailWidth":"200","thumbnailHeight":"94","caption":"DOM panel displays structure of the current page."},{"url":"https://addons.cdn.mozilla.net/user-media/previews/full/52/52714.png?src=api&modified=1295279900","width":"700","height":"330","thumbnailURL":"https://addons.cdn.mozilla.net/user-media/previews/thumbs/52/52714.png?src=api&modified=1295279900","thumbnailWidth":"200","thumbnailHeight":"94","caption":"HTML panel shows markup of the current page."},{"url":"https://addons.cdn.mozilla.net/user-media/previews/full/52/52715.png?src=api&modified=1295279900","width":"700","height":"330","thumbnailURL":"https://addons.cdn.mozilla.net/user-media/previews/thumbs/52/52715.png?src=api&modified=1295279900","thumbnailWidth":"200","thumbnailHeight":"94","caption":"Layout panel reveals layout of selected elements."},{"url":"https://addons.cdn.mozilla.net/user-media/previews/full/52/52716.png?src=api&modified=1295279900","width":"700","height":"330","thumbnailURL":"https://addons.cdn.mozilla.net/user-media/previews/thumbs/52/52716.png?src=api&modified=1295279900","thumbnailWidth":"200","thumbnailHeight":"94","caption":"Net panel monitors HTTP communication."},{"url":"https://addons.cdn.mozilla.net/user-media/previews/full/52/52717.png?src=api&modified=1295279901","width":"700","height":"330","thumbnailURL":"https://addons.cdn.mozilla.net/user-media/previews/thumbs/52/52717.png?src=api&modified=1295279901","thumbnailWidth":"200","thumbnailHeight":"94","caption":"Script panel allows to explore and debug JavaScript on the current page."}],"averageRating":5,"learnmoreURL":"https://addons.mozilla.org/en-US/firefox/addon/firebug/?src=api","homepageURL":"http://getfirebug.com/","sourceURI":"https://addons.mozilla.org/firefox/downloads/file/296908/firebug-2.0.8-fx.xpi?src=api","size":2558942,"contributionURL":"https://addons.mozilla.org/en-US/firefox/addon/firebug/developers?src=api","contributionAmount":"$10.00","developerComments":"If you have any problems, please read the Firebug FAQ.\n\nhttps://getfirebug.com/faq","reviewURL":"https://addons.mozilla.org/en-US/firefox/addon/firebug/reviews/?src=api","reviewCount":1760,"totalDownloads":74529113,"weeklyDownloads":140748,"dailyUsers":2153451,"updateDate":1423166697000,"supportURL":"http://getfirebug.com"},{"id":"yslow@yahoo-inc.com","icons":{"32":"https://addons.cdn.mozilla.net/user-media/addon_icons/5/5369-32.png?modified=1361259317","64":"https://addons.cdn.mozilla.net/user-media/addon_icons/5/5369-64.png?modified=1361259317"},"name":"YSlow","type":"extension","version":"3.1.8","repositoryStatus":4,"creator":{"name":"YSlow","url":"https://addons.mozilla.org/en-US/firefox/user/yslow/?src=api"},"description":"YSlow analyzes web pages and suggests ways to improve their performance based on a set of rules for high performance web pages.\nhttp://yslow.org is the official open source website.","fullDescription":"YSlow analyzes web pages and suggests ways to improve their performance based on a set of rules for high performance web pages. YSlow is available for Firefox as an add-on integrated with the Firebug web development tool. YSlow grades web page based on one of three predefined ruleset or a user-defined ruleset. It offers suggestions for improving the page's performance, summarizes the page's components, displays statistics about the page, and provides tools for performance analysis, including Smush.it™ and JSLint.\n\nVisit the official YSlow website: http://yslow.org\n\nYSlow is licensed under the New BSD License, with portions licensed by third parties under other license terms. To review the terms before installing, see http://wh.yslow.org/yslow-license\n\nYou must install Firebug: https://addons.mozilla.org/en-US/firefox/addon/1843","isPlatformCompatible":true,"eula":null,"screenshots":[{"url":"https://addons.cdn.mozilla.net/user-media/previews/full/31/31944.png?src=api&modified=1331247702","width":"640","height":"444","thumbnailURL":"https://addons.cdn.mozilla.net/user-media/previews/thumbs/31/31944.png?src=api&modified=1331247702","thumbnailWidth":"200","thumbnailHeight":"138","caption":"Grade View"},{"url":"https://addons.cdn.mozilla.net/user-media/previews/full/31/31945.png?src=api&modified=1331247702","width":"640","height":"257","thumbnailURL":"https://addons.cdn.mozilla.net/user-media/previews/thumbs/31/31945.png?src=api&modified=1331247702","thumbnailWidth":"200","thumbnailHeight":"80","caption":"Statistics View"},{"url":"https://addons.cdn.mozilla.net/user-media/previews/full/31/31946.png?src=api&modified=1331247702","width":"640","height":"238","thumbnailURL":"https://addons.cdn.mozilla.net/user-media/previews/thumbs/31/31946.png?src=api&modified=1331247702","thumbnailWidth":"200","thumbnailHeight":"74","caption":"Component View"}],"averageRating":3,"learnmoreURL":"https://addons.mozilla.org/en-US/firefox/addon/yslow/?src=api","homepageURL":"http://yslow.org","sourceURI":"https://addons.mozilla.org/firefox/downloads/file/225990/yslow-3.1.8-fx.xpi?src=api","size":201121,"developerComments":null,"reviewURL":"https://addons.mozilla.org/en-US/firefox/addon/yslow/reviews/?src=api","reviewCount":180,"totalDownloads":4157344,"weeklyDownloads":5228,"dailyUsers":109139,"updateDate":1377583963000,"supportURL":"http://yslow.org"}]}