{"schemaVersion":16,"addons":[{"id":"{972ce4c6-7e08-4474-a285-3208198ce6fd}","syncGUID":"x80mU691pbW9","location":"app-global","version":"31.6.0","type":"theme","internalName":"classic/1.0","updateURL":null,"updateKey":null,"optionsURL":null,"optionsType":null,"aboutURL":null,"iconURL":null,"icon64URL":null,"defaultLocale":{"name":"Default","description":"The default theme.","creator":"Mozilla","homepageURL":null,"contributors":["Mozilla Contributors"]},"visible":true,"active":true,"userDisabled":false,"appDisabled":false,"descriptor":"C:\\Users\\flaviostutz\\Downloads\\FirefoxPortable31ESR\\App\\firefox\\browser\\extensions\\{972ce4c6-7e08-4474-a285-3208198ce6fd}","installDate":1428417839444,"updateDate":1428417839444,"applyBackgroundUpdates":1,"skinnable":true,"size":3510,"sourceURI":null,"releaseNotesURI":null,"softDisabled":false,"foreignInstall":false,"hasBinaryComponents":false,"strictCompatibility":true,"locales":[],"targetApplications":[{"id":"{ec8030f7-c20a-464f-9b0e-13a3a9e97384}","minVersion":"31.6.0","maxVersion":"31.6.0"}],"targetPlatforms":[]},{"id":"firebug@software.joehewitt.com","syncGUID":"HX6WG_nSqzyw","location":"app-profile","version":"2.0.8","type":"extension","internalName":null,"updateURL":null,"updateKey":null,"optionsURL":null,"optionsType":null,"aboutURL":null,"iconURL":"chrome://firebug/skin/firebugBig.png","icon64URL":null,"defaultLocale":{"name":"Firebug","description":"Web Development Evolved. Firebug is free and open source software distributed under the BSD License.","creator":"Joe Hewitt","homepageURL":"http://www.getfirebug.com/","translators":["Leszek(teo)Zyczkowski (pl-PL)","markh (nl)","peter3 (sv-SE)","AlleyKat (da-DK)","Hector Zhao, lovelywcm (zh-CN)","Lukas Kucharczyk, Michal Kec (cs-CZ)","Team erweiterungen.de, ReinekeFux, Benedikt Langens, Sebastian Zartner (de-DE)","l0stintranslation, gonzalopirobutirro, Luigi Grilli (it-IT)","alexxed (ro-RO)","Nicolas Martin, Franck Marcia (fr-FR)","gLes (hu-HU)","Xavi Ivars - Softcatala (ca)","gezmen (tr-TR)","eternoendless (es-AR)","Dark Preacher (ru)","Tiago Oliveira, Diego de Carvalho Zimmermann, Alexandre Rapaki (pt-BR)","Juan Botias, Alvaro G. Vicario (es-ES)","Andriy Zhouck (uk-UA)","Hisateru Tanaka, k2jp (ja-JP)","Mohsen Shadroo (fa-IR)","Eduard Babayan (hy-AM)","Helder Magalhaes (pt-PT)","Tomaz Macus (sl-SI)","Stoyan Stefanov, Alexander Shopov (bg)","Kristjan Bjarni Guomundsson (is-IS)","NGUYEN Manh Hung (vi-VN)","Bwah (hr-HR)","Sonickydon (el)","David Gonzales (es)","DakSrbija (sr)","bootleq (zh-TW)","Asier Iturralde Sarasola, Julen Irazoki Oteiza (eu)"],"contributors":["John J. Barton (IBM Almaden)","Jan Odvarko (Mozilla Corp.)","Max Stepanov (Aptana Inc.)","Rob Campbell (Mozilla Corp.)","Hans Hillen (Paciello Group, Mozilla)","Curtis Bartley (Mozilla Corp.)","Mike Collins (IBM Almaden)","Kevin Decker","Mike Ratcliffe (Mozilla Corp.)","Hernan Rodriguez Colmeiro","Austin Andrews","Christoph Dorn","Steven Roussey (Illuminations for Developers)","Sebastian Zartner","Harutyun Amirjanyan","Simon Lindholm","Stampolidis Anastasios","Joe Walker (Mozilla Corp.)","Vladimir Zhuravlev","Farshid Beheshti","Leon Sorokin","Florent Fayolle","Hector Zhao","Bharath Thiruveedula","Nathan Mische","Belakhdar Abdeldjalil","Jakob Kaltenbrunner"]},"visible":true,"active":true,"userDisabled":false,"appDisabled":false,"descriptor":"C:\\Users\\flaviostutz\\Downloads\\FirefoxPortable31ESR\\Data\\profile\\extensions\\firebug@software.joehewitt.com.xpi","installDate":1428418476503,"updateDate":1428418476503,"applyBackgroundUpdates":1,"bootstrap":true,"size":9343085,"sourceURI":"https://addons.mozilla.org/firefox/downloads/latest/1843/addon-1843-latest.xpi?src=dp-btn-primary","releaseNotesURI":null,"softDisabled":false,"foreignInstall":false,"hasBinaryComponents":false,"strictCompatibility":false,"locales":[],"targetApplications":[{"id":"toolkit@mozilla.org","minVersion":"30.0a1","maxVersion":"38.0"},{"id":"{ec8030f7-c20a-464f-9b0e-13a3a9e97384}","minVersion":"30.0a1","maxVersion":"38.0"}],"targetPlatforms":[]},{"id":"yslow@yahoo-inc.com","syncGUID":"VMCvASVm2acj","location":"app-profile","version":"3.1.8","type":"extension","internalName":null,"updateURL":null,"updateKey":null,"optionsURL":"chrome://yslow/content/yslowOptions.xul","optionsType":null,"aboutURL":null,"iconURL":"chrome://yslow/content/yslow/img/logo_32x32.png","icon64URL":null,"defaultLocale":{"name":"YSlow","description":"Make your pages faster with Yahoo!'s page performance tool","creator":"Yahoo! Inc.","homepageURL":"http://developer.yahoo.com/yslow"},"visible":true,"active":true,"userDisabled":false,"appDisabled":false,"descriptor":"C:\\Users\\flaviostutz\\Downloads\\FirefoxPortable31ESR\\Data\\profile\\extensions\\yslow@yahoo-inc.com.xpi","installDate":1428418522127,"updateDate":1428418522127,"applyBackgroundUpdates":1,"bootstrap":false,"size":821718,"sourceURI":"https://addons.mozilla.org/firefox/downloads/latest/5369/addon-5369-latest.xpi?src=dp-btn-primary","releaseNotesURI":null,"softDisabled":false,"foreignInstall":false,"hasBinaryComponents":false,"strictCompatibility":false,"locales":[],"targetApplications":[{"id":"{ec8030f7-c20a-464f-9b0e-13a3a9e97384}","minVersion":"3.0","maxVersion":"16.*"}],"targetPlatforms":[]}]}